origin,dest,n_flights,actual_delay_rate,mean_predicted,roc_auc,calibration_gap
EWR,ALB,90,0.34444444444444444,0.4269965086659965,,0.08255206422155204
EWR,ATL,831,0.2250300842358604,0.2003705641911569,0.7405586740625105,-0.02465952004470351
EWR,AUS,124,0.21774193548387097,0.19249393809316306,,-0.025247997390707905
EWR,AVL,54,0.25925925925925924,0.3154152682870315,,0.056156009027772236
EWR,BDL,25,0.44,0.30573601413512613,,-0.13426398586487387
EWR,BNA,391,0.19948849104859334,0.30933913436314553,0.7636192348652413,0.10985064331455219
EWR,BOS,803,0.2191780821917808,0.21808331331481767,0.7309654559953603,-0.001094768876963137
EWR,BQN,40,0.4,0.3572656518852167,,-0.04273434811478333
EWR,BTV,102,0.18627450980392157,0.2692590089442502,,0.08298449914032863
EWR,BUF,150,0.26,0.25952791014837134,,-0.00047208985162866535
EWR,BWI,35,0.42857142857142855,0.27078802153294756,,-0.15778340703848098
EWR,BZN,4,1.0,0.10209481432840334,,-0.8979051856715967
EWR,CAE,16,0.5625,0.46494472013537597,,-0.09755527986462403
EWR,CHS,219,0.2420091324200913,0.3381261635075187,,0.09611703108742736
EWR,CLE,254,0.2125984251968504,0.23450635641886705,,0.021907931222016647
EWR,CLT,785,0.17452229299363056,0.20317964020700877,0.755502613318915,0.028657347213378204
EWR,CMH,66,0.3484848484848485,0.25296447209299244,,-0.09552037639185607
EWR,CVG,389,0.2133676092544987,0.3165374397987743,0.7130482715174423,0.10316983054427559
EWR,DAY,178,0.2808988764044944,0.39232779541550056,,0.11142891901100616
EWR,DCA,170,0.28823529411764703,0.3682952572283872,,0.08005996311074015
EWR,DEN,468,0.3333333333333333,0.2538899550791721,0.6061390532544378,-0.0794433782541612
EWR,DFW,441,0.18820861678004536,0.1939685094351431,0.7252473581476746,0.0057598926550977425
EWR,DSM,54,0.3888888888888889,0.4440334817799021,,0.0551445928910132
EWR,DTW,448,0.296875,0.2534566903076761,0.752452559971357,-0.04341830969232391
EWR,EGE,12,0.75,0.14864844487448056,,-0.6013515551255194
EWR,FLL,689,0.24528301886792453,0.2460230190848872,0.6608443331816113,0.0007400002169626607
EWR,GRR,98,0.25510204081632654,0.3426698610157007,,0.08756782019937415
EWR,GSO,182,0.3076923076923077,0.39119721644636835,,0.08350490875406064
EWR,GSP,146,0.3287671232876712,0.40316142668818317,,0.07439430340051195
EWR,HDN,2,1.0,0.1383162133319218,,-0.8616837866680782
EWR,HNL,61,0.3442622950819672,0.1367998027964193,,-0.20746249228554792
EWR,HOU,161,0.38509316770186336,0.22363549331198382,,-0.16145767438987954
EWR,IAD,184,0.30434782608695654,0.298160522001222,,-0.006187304085734535
EWR,IAH,689,0.29027576197387517,0.18758794648529964,0.6021319018404908,-0.10268781548857553
EWR,IND,305,0.25901639344262295,0.3230901834370443,0.6341436092752324,0.06407378999442137
EWR,JAC,11,0.8181818181818182,0.12162285003679739,,-0.6965589681450208
EWR,JAX,199,0.3015075376884422,0.3469345114110441,,0.045426973722601904
EWR,LAS,276,0.2572463768115942,0.18580862175446455,,-0.07143775505712963
EWR,LAX,878,0.23690205011389523,0.19270760492304145,0.6066374856486797,-0.044194445190853776
EWR,MCI,203,0.28078817733990147,0.38600866654664934,,0.10522048920674787
EWR,MCO,852,0.2323943661971831,0.22880045230520688,0.6046319463750657,-0.0035939138919762192
EWR,MDW,332,0.26506024096385544,0.26342314281321444,0.7709109538002981,-0.0016370981506410032
EWR,MEM,142,0.31690140845070425,0.35666771859741303,,0.03976631014670878
EWR,MHT,65,0.23076923076923078,0.41131465251443444,,0.18054542174520366
EWR,MIA,451,0.24168514412416853,0.1950890200303756,0.647137721980793,-0.046596124093792934
EWR,MKE,154,0.34415584415584416,0.404727934029788,,0.06057208987394386
EWR,MSN,61,0.26229508196721313,0.35686315873401153,,0.0945680767667984
EWR,MSP,396,0.20959595959595959,0.24854841644039896,0.6885176488702414,0.038952456844439376
EWR,MSY,233,0.2832618025751073,0.3007141653594528,,0.017452362784345476
EWR,MTJ,2,1.0,0.11994103626268152,,-0.8800589637373185
EWR,OKC,53,0.37735849056603776,0.4754591212619158,,0.09810063069587804
EWR,OMA,144,0.2847222222222222,0.32291013062118123,,0.038187908398959025
EWR,ORD,772,0.23704663212435234,0.25438868742450643,0.5929982279866773,0.01734205530015409
EWR,ORF,67,0.3283582089552239,0.30411684605052736,,-0.02424136290469653
EWR,PBI,460,0.2826086956521739,0.2547103592207121,0.6881118881118882,-0.02789833643146178
EWR,PDX,111,0.22522522522522523,0.25922865685285235,,0.03400343162762712
EWR,PHX,439,0.23690205011389523,0.20658189847751254,0.695780711825488,-0.030320151636382686
EWR,PIT,106,0.2641509433962264,0.24276506296982503,,-0.021385880426401382
EWR,PVD,33,0.30303030303030304,0.44188206474633424,,0.1388517617160312
EWR,PWM,67,0.3283582089552239,0.4762461706522981,,0.1478879616970742
EWR,RDU,175,0.26857142857142857,0.2549935636082834,,-0.01357786496314517
EWR,RIC,272,0.34191176470588236,0.4266666947197568,,0.08475493001387446
EWR,ROC,146,0.23972602739726026,0.3779835630735164,,0.13825753567625612
EWR,RSW,257,0.17898832684824903,0.1519521498460446,,-0.027036177002204426
EWR,SAN,173,0.24277456647398843,0.19231863079538347,,-0.05045593567860496
EWR,SAT,56,0.3392857142857143,0.31357727101244787,,-0.025708443273266435
EWR,SAV,105,0.21904761904761905,0.34624603136362314,,0.1271984123160041
EWR,SBN,1,1.0,0.15045973330190468,,-0.8495402666980953
EWR,SDF,104,0.21153846153846154,0.298830506625252,,0.08729204508679048
EWR,SEA,269,0.29739776951672864,0.2049181874033793,,-0.09247958211334933
EWR,SFO,963,0.23779854620976115,0.23204819466417667,0.6203342336660995,-0.005750351545584481
EWR,SJU,162,0.18518518518518517,0.13549128024729068,,-0.049693904937894495
EWR,SLC,54,0.25925925925925924,0.2011139599768906,,-0.05814529928236864
EWR,SNA,147,0.17687074829931973,0.15887583335311228,,-0.017994914946207446
EWR,STL,380,0.2710526315789474,0.32211607812767323,0.7411587396165574,0.051063446548725855
EWR,STT,32,0.375,0.09772468878422656,,-0.2772753112157734
EWR,SYR,28,0.25,0.32422796796404235,,0.07422796796404235
EWR,TPA,427,0.1990632318501171,0.21859459994499303,0.6582731338149295,0.019531368094875934
EWR,TUL,48,0.2916666666666667,0.48236617292678297,,0.19069950626011628
EWR,TYS,55,0.34545454545454546,0.4301464296476989,,0.08469188419315343
EWR,XNA,44,0.3409090909090909,0.16422732450317848,,-0.1766817664059124
JFK,ABQ,61,0.29508196721311475,0.27659158519384497,,-0.01849038201926978
JFK,ATL,307,0.16612377850162866,0.13910326416447033,0.753140318627451,-0.027020514337158325
JFK,AUS,239,0.20502092050209206,0.22558378441205015,,0.020562863909958096
JFK,BNA,120,0.24166666666666667,0.3019992685628002,,0.060332601896133514
JFK,BOS,958,0.22755741127348644,0.20030141826704792,0.6642077857674188,-0.027255993006438523
JFK,BQN,101,0.1188118811881188,0.16994060434125088,,0.05112872315313208
JFK,BTV,202,0.21782178217821782,0.23738289213658456,,0.01956110995836674
JFK,BUF,554,0.24548736462093862,0.24680395540760577,0.7309316070925979,0.0013165907866671545
JFK,BUR,61,0.14754098360655737,0.22382884601729333,,0.07628786241073596
JFK,BWI,137,0.19708029197080293,0.23814540170909254,,0.04106510973828961
JFK,CHS,179,0.17318435754189945,0.2076920072665921,,0.03450764972469264
JFK,CLE,82,0.1951219512195122,0.23607620721995026,,0.04095425600043806
JFK,CLT,506,0.1422924901185771,0.1545091725689187,0.6021505376344085,0.012216682450341604
JFK,CMH,117,0.24786324786324787,0.32263117206060427,,0.0747679241973564
JFK,CVG,156,0.34615384615384615,0.31131289063625034,,-0.034840955517595806
JFK,DCA,503,0.21272365805168986,0.21566409280315893,0.6628787878787878,0.002940434751469073
JFK,DEN,114,0.2982456140350877,0.2941483536852324,,-0.004097260349855303
JFK,DFW,113,0.24778761061946902,0.2716895298564091,,0.023901919236940072
JFK,DTW,176,0.19886363636363635,0.2384091242319841,,0.039545487868347745
JFK,EGE,13,0.46153846153846156,0.31507491897031986,,-0.1464635425681417
JFK,FLL,700,0.2557142857142857,0.24105700698659122,0.6094317974672686,-0.014657278727694512
JFK,HNL,53,0.018867924528301886,0.09927980349028258,,0.0804118789619807
JFK,HOU,118,0.1694915254237288,0.17594769168850072,,0.006456166264771912
JFK,IAD,366,0.25956284153005466,0.2566670989709301,0.6962905418527868,-0.002895742559124559
JFK,IAH,60,0.18333333333333332,0.21688382090527167,,0.03355048757193835
JFK,IND,117,0.15384615384615385,0.2584187498668324,,0.10457259602067853
JFK,JAC,2,0.0,0.06823134190172613,,0.06823134190172613
JFK,JAX,182,0.22527472527472528,0.21786131677768095,,-0.007413408497044333
JFK,LAS,622,0.1382636655948553,0.14814898592801798,0.7353783408538702,0.009885320333162667
JFK,LAX,1841,0.1461162411732754,0.1613465937013463,0.7007198463823227,0.015230352528070895
JFK,LGB,114,0.16666666666666666,0.2521174037910966,,0.08545073712442994
JFK,MCI,30,0.16666666666666666,0.33696609811956485,,0.1702994314528982
JFK,MCO,892,0.2242152466367713,0.2056235128084425,0.6539017341040462,-0.01859173382832882
JFK,MIA,557,0.15978456014362658,0.1692005284419002,0.6945884951502929,0.009415968298273625
JFK,MSP,180,0.26666666666666666,0.29545275130299004,,0.028786084636323372
JFK,MSY,277,0.19855595667870035,0.2375311175753156,,0.038975160896615235
JFK,OAK,49,0.14285714285714285,0.2705875919572054,,0.12773044910006254
JFK,ORD,353,0.26062322946175637,0.30501334015946746,0.6745793769781776,0.044390110697711094
JFK,ORF,85,0.29411764705882354,0.2986142122607688,,0.004496565201945246
JFK,PBI,297,0.24915824915824916,0.2748357953430146,,0.02567754618476545
JFK,PDX,132,0.1590909090909091,0.24462265000008498,,0.0855317409091759
JFK,PHL,53,0.32075471698113206,0.3191279228130406,,-0.0016267941680914721
JFK,PHX,351,0.1339031339031339,0.18209338235029354,0.5989641657334828,0.048190248447159634
JFK,PIT,165,0.2,0.225766944236851,,0.025766944236850997
JFK,PSE,61,0.21311475409836064,0.2035346028495863,,-0.009580151248774343
JFK,PSP,2,0.0,0.10351759480256417,,0.10351759480256417
JFK,PWM,179,0.26256983240223464,0.25681751237294326,,-0.00575232002929138
JFK,RDU,479,0.21085594989561587,0.22140627512544359,0.7038608622767039,0.010550325229827712
JFK,RIC,54,0.3148148148148148,0.27506487115203326,,-0.03974994366278156
JFK,ROC,233,0.16738197424892703,0.24863461397865916,,0.08125263972973212
JFK,RSW,228,0.2412280701754386,0.19755557525089612,,-0.043672494924542477
JFK,SAN,265,0.18490566037735848,0.18641496430657933,,0.0015093039292208565
JFK,SAT,58,0.29310344827586204,0.27714281035186933,,-0.015960637923992715
JFK,SDF,3,0.0,0.453353495140764,,0.453353495140764
JFK,SEA,300,0.18,0.18171894340555805,0.6772056609454984,0.00171894340555806
JFK,SFO,1365,0.14725274725274726,0.18700059342587746,0.6098117659127045,0.03974784617313021
JFK,SJC,59,0.1016949152542373,0.20102313528493304,,0.09932822003069575
JFK,SJU,811,0.2096177558569667,0.1986737587136271,0.6947324951821603,-0.010943997143339601
JFK,SLC,331,0.1510574018126888,0.1623557518355005,0.7383629893238434,0.011298350022811682
JFK,SMF,41,0.2926829268292683,0.3293395804512191,,0.03665665362195081
JFK,SRQ,61,0.11475409836065574,0.0847204935315074,,-0.03003360482914834
JFK,STL,1,1.0,0.0920705598465551,,-0.9079294401534449
JFK,STT,60,0.16666666666666666,0.06750052677098178,,-0.09916613989568487
JFK,SYR,205,0.3024390243902439,0.25455494418695607,,-0.04788408020328783
JFK,TPA,546,0.1684981684981685,0.19810194033661596,0.7315887760965332,0.02960377183844745
LGA,ATL,1671,0.20347097546379414,0.1665081450122197,0.7135546029080302,-0.03696283045157445
LGA,BGR,107,0.32710280373831774,0.2817305077941638,,-0.04537229594415393
LGA,BHM,31,0.5161290322580645,0.3664738181706265,,-0.14965521408743798
LGA,BNA,576,0.2916666666666667,0.2550363333268769,0.6891339869281046,-0.03663033333978977
LGA,BOS,560,0.09107142857142857,0.10067399142469474,0.7661697291883355,0.009602562853266175
LGA,BTV,28,0.35714285714285715,0.267522277266319,,-0.08962057987653815
LGA,BUF,20,0.4,0.24552130270357514,,-0.15447869729642488
LGA,CAE,11,0.6363636363636364,0.3339003212746143,,-0.3024633150890221
LGA,CAK,115,0.3652173913043478,0.21590169974071266,,-0.14931569156363517
LGA,CHS,114,0.2982456140350877,0.31021981985191066,,0.011974205816822958
LGA,CLE,333,0.2132132132132132,0.2233062351676741,0.7786797118589399,0.010093021954460879
LGA,CLT,1041,0.17483189241114314,0.1880138239849386,0.7548516675408411,0.013181931573795463
LGA,CMH,340,0.21470588235294116,0.2356173223265497,0.6317787696885742,0.02091143997360853
LGA,CVG,37,0.16216216216216217,0.19589412728289857,,0.033731965120736396
LGA,DAY,37,0.13513513513513514,0.11451866111845103,,-0.020616474016684108
LGA,DCA,672,0.15327380952380953,0.15285133544721818,0.7450816455372224,-0.0004224740765913504
LGA,DEN,623,0.23274478330658105,0.20671168586396804,0.701774635694705,-0.026033097442613007
LGA,DFW,724,0.13950276243093923,0.1458566140380532,0.7159464742621935,0.006353851607113964
LGA,DSM,36,0.4444444444444444,0.2959934596187679,,-0.14845098482567654
LGA,DTW,802,0.1658354114713217,0.15552042889424433,0.698562549872439,-0.010314982577077358
LGA,EYW,10,0.2,0.11230518947270174,,-0.08769481052729827
LGA,FLL,664,0.2003012048192771,0.20543303970648577,0.7401837928153717,0.005131834887208669
LGA,GRR,2,0.0,0.31186872715977076,,0.31186872715977076
LGA,GSO,68,0.3382352941176471,0.2535876088283273,,-0.08464768528931976
LGA,GSP,54,0.3148148148148148,0.3164178039672263,,0.0016029891524114714
LGA,HOU,120,0.3333333333333333,0.20022953209979696,,-0.13310380123353635
LGA,IAD,280,0.2571428571428571,0.26895733177484926,,0.011814474631992145
LGA,IAH,451,0.20620842572062084,0.1418677774445295,0.7477623595843094,-0.06434064827609134
LGA,ILM,57,0.3508771929824561,0.4005063704526352,,0.04962917747017909
LGA,IND,37,0.1891891891891892,0.1884253845948988,,-0.0007638045942904015
LGA,JAX,49,0.22448979591836735,0.19606117541149345,,-0.028428620506873892
LGA,LEX,1,0.0,0.2410697048432591,,0.2410697048432591
LGA,MCI,36,0.2777777777777778,0.26830063586754815,,-0.009477141910229636
LGA,MCO,610,0.1360655737704918,0.1825701818483999,0.7143869596031184,0.0465046080779081
LGA,MDW,339,0.32448377581120946,0.2402408850181961,0.7793965859468043,-0.08424289079301336
LGA,MEM,118,0.3220338983050847,0.284521798444335,,-0.037512099860749715
LGA,MHT,9,0.0,0.28005587740600124,,0.28005587740600124
LGA,MIA,1056,0.14962121212121213,0.16447180354933208,0.6849151419469426,0.014850591428119952
LGA,MKE,284,0.323943661971831,0.225328325234303,,-0.09861533673752801
LGA,MSN,96,0.4479166666666667,0.3539560832445905,,-0.0939605834220762
LGA,MSP,599,0.12353923205342238,0.18545791234073852,0.6803861003861004,0.06191868028731615
LGA,MSY,163,0.15337423312883436,0.1712612557679793,,0.017887022639144934
LGA,OMA,41,0.4634146341463415,0.4062357574935363,,-0.05717887665280519
LGA,ORD,1375,0.17236363636363636,0.2076375543764516,0.735350715223243,0.035273918012815236
LGA,ORF,78,0.358974358974359,0.3038871471660062,,-0.0550872118083528
LGA,PBI,547,0.19926873857404023,0.20251087320034483,0.7207699719324703,0.003242134626304599
LGA,PHL,143,0.11188811188811189,0.13285456905756957,,0.020966457169457678
LGA,PIT,184,0.2554347826086957,0.2613479139509883,,0.005913131342292599
LGA,PWM,9,0.5555555555555556,0.36723070043108946,,-0.18832485512446612
LGA,RDU,529,0.21928166351606806,0.21263594070779795,0.7467020121900307,-0.00664572280827011
LGA,RIC,136,0.3014705882352941,0.30546772857336857,,0.0039971403380744674
LGA,ROC,121,0.2066115702479339,0.284251119463787,,0.07763954921585312
LGA,RSW,171,0.23976608187134502,0.21100991063392233,,-0.02875617123742269
LGA,SAV,6,0.16666666666666666,0.2603581934966008,,0.09369152682993412
LGA,SBN,2,1.0,0.5847630655943752,,-0.4152369344056248
LGA,SDF,42,0.07142857142857142,0.1382253250687081,,0.06679675364013668
LGA,SRQ,121,0.2066115702479339,0.2022239586958369,,-0.004387611552096993
LGA,STL,344,0.2819767441860465,0.19892504780486964,0.806836679327184,-0.08305169638117688
LGA,SYR,105,0.3333333333333333,0.3531862145083378,,0.0198528811750045
LGA,TPA,359,0.16434540389972144,0.1812914451935984,0.691864406779661,0.016946041293876973
LGA,TYS,51,0.39215686274509803,0.28900739033681944,,-0.1031494724082786
LGA,XNA,92,0.10869565217391304,0.1458127628210932,,0.037117110647180165
