carrier,n_flights,actual_delay_rate,mean_predicted,roc_auc,calibration_gap
UA,9671,0.2441319408540999,0.20768808244681278,0.6340138513961774,-0.036443858407287116
B6,8956,0.22454220634211702,0.23480214115033904,0.6932126006746909,0.010259934808222015
EV,8298,0.29344420342251143,0.338391232894502,0.6661383240388599,0.044947029471990585
DL,7923,0.1508267070554083,0.15892790652144828,0.6766768740142985,0.008101199466039988
AA,5157,0.15764979639325188,0.17102059378432402,0.6763675958582791,0.013370797391072137
MQ,4009,0.2025442753803941,0.2133198238138273,0.6974971532733119,0.010775548433433202
US,3212,0.12141967621419676,0.12857185694472142,0.7144146722637155,0.007152180730524663
9E,3119,0.2452709201667201,0.2524417011019179,0.6948412103442341,0.007170780935197768
WN,2102,0.323977164605138,0.24603755465840838,0.7502854704087316,-0.0779396099467296
VX,911,0.1394072447859495,0.18622732784638465,0.7157922224007713,0.04682008306043514
